id;user_id;chain;asset;tx_hash;amount;usd_value;coins_credited;status;created_at
73a72a8b-dec8-4dbf-add3-13ae7ce95432;7206619137;bsc;USDT;0x6611f9b34e6e1eaff89659dd25d2c2e3dbc02d809bf51587e08c189a8aaa1de0;0.11;0.11;11.0000;confirmed;2026-09-26 07:24:11.141749+00
f6806685-6e5a-4bb1-b275-4d568db81def;7932425811;bsc;USDT;0x9a14425ef696fc6b74611c15a9a37a9c7043ff26dfe47d6d168f67cd62d87a42;0.01;0.01;1.0000;confirmed;2026-09-26 10:18:53.504121+00
08735778-35c0-44e6-b4cb-448a32191c71;7206619137;bsc;USDT;0x23111a8ce3c7f971c8a83250cfd0cfc58a4174211cc14f20830c14a190fba4d7;0.1158;0.1158;11.5800;confirmed;2026-09-26 11:15:17.018749+00
848ab08e-72c0-4eb9-aea0-4d098b386918;7932425811;bsc;BNB;0xf3cb573231b848610537e164bfc911df218b96e6ee4c4dbe94fedd142e63af57;0.00002;0.0155;1.5500;confirmed;2026-09-26 13:00:16.439337+00
8a3307ed-f0d5-4964-b443-7d95c9006ede;7206619137;bsc;BNB;0xd5dcd33537ea6dadcc03cacc33c6274b8cf630ce2f1f7bc311309ca6f57c0b58;0.00001;0.0077;0;below_minimum;2026-09-26 13:17:40.232323+00
cfba44b1-82fa-4152-87fa-5be810c2950a;7206619137;ton;GRAM;1ySvp3R670d+S/QJeWRZgqKUznII2ttHCyMPx7sM0Hs=;1.483166373;2.1839;218.3900;confirmed;2026-09-26 14:09:38.493451+00
b97ead72-180f-47f2-a602-48916c09d0a4;7206619137;ton;USDT;801c848cbdb920397f875c3d613b017c95751b3372227711e2757f13c27ab635;0.01;0.01;1.0000;confirmed;2026-09-26 14:09:39.336498+00
a112c50e-e963-49f9-a8a1-3e5ddc26e7c8;7206619137;bsc;USDT;0xc924826a54f1e4279e504e1a78e47bfe17ffac881bb55934cdcaa05858701c20;0.1101;0.1101;0;below_minimum;2026-09-27 10:00:16.3431+00
acdc4649-dd54-41c7-bf41-2ec6c2fafaa5;8293165067;ton;GRAM;H7IfF0XF/XQ7Xq+yEZQ8rbs1TpOapuW1RGs552rpHY4=;2.11324416;3.4341;343.4100;confirmed;2026-09-27 11:15:44.696485+00
5087d85b-5d3a-4d19-ad1c-dcd033097649;7570519032;ton;GRAM;R3vf2WMRy7q9xpiVfmvBTMPOh9PhCZ5uB1zhGDs6as8=;0.73121115;1.1986;119.8600;confirmed;2026-09-27 11:30:09.279428+00
9e7c842f-734f-4ca2-896a-664573732492;8001541252;bsc;USDT;0x624330c85981766be353cab29e00bbb1a44e072d9ffd27ea217d1f1ddc8ee9cf;1;1;100.0000;confirmed;2026-09-27 11:58:11.908079+00
111edd29-5fc2-481e-af96-d255b619f4af;886866275;bsc;USDT;0x3abb9e05f80f978bc30f8191eafac7d71bb5254852130ab4c173e258b1d40f7b;5;5;500.0000;confirmed;2026-09-27 12:21:11.729271+00
aaa3b7a5-a3ca-4566-a269-6a815079ef06;8649796752;ton;GRAM;	+ljH44qMhhdcvcFxunw193yAUgTc8mGIUDYY3Q35M+0=;0.000432091;0.0007;0;below_minimum;2026-09-27 13:32:54.386616+00
f807a2dd-6585-4fa6-ad03-a104ab85c019;1673938234;bsc;USDT;0xde7a38ee47c1e35033d46c610f56d4f411425ee3598457958d90edbf981908fd;50;50;5000.0000;confirmed;2026-09-27 13:51:43.838352+00
5b69e4da-2d1a-4344-8d89-c1b070c1fc18;7325818182;ton;USDT;33d6a0caf3ea507695816f757e7580d530e5c920f82f1eaec37d022e921b3960;10;10;1000.0000;confirmed;2026-09-27 13:58:07.159824+00
d818442c-846c-4d4f-8a8e-14dbba719c89;1814586555;bsc;USDT;0xfcda200d44c52efb9a3df784669a6c40b7a5aec9eaf19f839457594105d474e6;3.1;3.1;310.0000;confirmed;2026-09-27 14:09:04.436374+00
1ca826bb-7097-4437-b11d-66323532d2f0;1511254913;ton;USDT;2d3a0a80cb1de4bb3b13d4500e064ca2d49599f53432d5ea9442216723fc31f7;2;2;200.0000;confirmed;2026-09-27 14:31:53.667195+00
4cee09bf-e32c-4164-aa7a-7dc1d4acf03e;1487314449;bsc;USDT;0x9b0046b3d4edb04f916ce67c62bd5253ccd884e077e1dad3fbcc53c33c625562;3;3;300.0000;confirmed;2026-09-27 14:38:43.756636+00
2078edaa-0cd7-440e-a1ce-2541e1db3e35;1581440561;bsc;USDT;0x9111025a0db0c6c5173618f451e70c90818744b4be20b668d106ad5ce3f86c10;2;2;200.0000;confirmed;2026-09-27 15:22:56.475519+00
e6f71889-4f1f-41ce-a3d2-d749654c2acc;8036842424;bsc;BNB;0x1ccbce96123dc967fad0a788f00371443c7fc56b595fc5eb0f03cdb05f509a64;0.00399;3.0896;308.9600;confirmed;2026-09-27 15:55:15.176436+00
51a73f1a-1d08-48f1-887d-c82ea3f665a4;1123706923;bsc;USDT;0x1b20c83cdd7b919334b6b0c0a5859723dcbd346572e48dbfed37987259606d39;0.1;0.1;0;below_minimum;2026-09-27 15:56:24.964847+00
2f191278-9900-414d-ae9e-8ba610a5faa1;8811594840;ton;GRAM;IUzO1KVmzh92GJDw/Gepp5WeEN/Y4beh/9ZhSf/nUlM=;1.3;2.1488;214.8800;confirmed;2026-09-27 15:57:52.802045+00
a07ec324-ceaa-4f32-b260-58f6c0778926;8979783103;ton;GRAM;OerGx4d1v5D9U7rUhOOvmf3NndSO8hn8Q/dcITBSKDY=;0.077021713;0.1299;0;below_minimum;2026-09-27 16:16:52.786977+00