coin_balance;referral_earnings_coins;total_deposit;total_withdrawal;usdt_balance;usdt_frozen;user_id;wallet_index
106;0;0;0;0;0;1102708;11872
100;0;0;0;0;0;15420554;8438
108;0;0;0;0;0;20768706;7889
104;0;0;0;0;0;25409335;712
108;10;0;0;0.100000;0;30105081;8802
108;0;0;0;0;0;32479066;1305
102;0;0;0;0;0;34566199;3983
100;0;0;0;0;0;56457449;11517
409;220;0;0;0;0;59587816;2943
100;0;0;0;0;0;63550064;11355
102;0;0;0;0;0;64276317;1843
107;0;0;0;0;0;65530018;9267
106;0;0;0;0;0;67122226;8546
103;0;0;0;0;0;67469334;4276
100;0;0;0;0;0;69204684;9010
100;0;0;0;0;0;69821359;10207
0;0;0;0;0;0;72035525;11918
102;0;0;0;0;0;74154060;2108
105;0;0;0;0;0;79411482;9348
102;0;0;0;0;0;80552806;5507
0;0;0;0;0;0;81194370;6104
100;0;0;0;0;0;81456739;7981
110;0;0;0;0;0;83262749;7920
100;0;0;0;0;0;85311653;7606
101;0;0;0;0;0;85584893;2160
150;70;0;0;0.600000;0;87285501;9081
3;0;0;0;0;0;87384980;1423
100;0;0;0;0;0;89305086;8664
114;10;0;0;0.100000;0;90722474;8079
104;0;0;0;0;0;91392717;9586
100;0;0;0;0;0;93600256;11877
100;0;0;0;0;0;94377762;2546
3;0;0;0;0;0;94653043;8763
107;0;0;0;0;0;94905367;8389
121;10;0;0;0;0;95060239;4920
0;0;0;0;0;0;96081144;3715
1;0;0;0;0;0;96453843;9483
104;0;0;0;0;0;97443353;11217
100;0;0;0;0;0;97535818;11385
117;10;0;0;0;0;98715176;639
109;0;0;0;0;0;98912151;10471
101;0;0;0;0;0;98948489;7893
100;0;0;0;0;0;99327448;4509
100;0;0;0;0;0;99846912;7702
107;0;0;0;0;0;100733658;8547
7;0;0;0;0;0;100948818;5872
173;70;0;0.1;0.300000;0;101612147;6168
100;0;0;0;0;0;101721902;8259
102;0;0;0;0;0;101820995;7039
108;0;0;0;0;0;103756446;6380
109;0;0;0;0;0;104002652;11054
100;0;0;0;0;0;104405453;10260
105;0;0;0;0;0;105393865;3400
0;0;0;0;0;0;106444695;911
0;0;0;0;0;0;106863980;1320
100;0;0;0;0;0;107084961;7045
101;0;0;0;0;0;109356577;10352
100;0;0;0;0;0;113096583;7090
100;0;0;0;0;0;114183647;4952
100;0;0;0;0;0;114772437;11470
105;0;0;0;0;0;117246935;3619
103;0;0;0;0;0;117848640;7546
103;0;0;0;0;0;118840761;9484
108;0;0;0;0;0;120931026;3615
100;0;0;0;0;0;121264917;1432
100;0;0;0;0;0;121696124;9802
100;0;0;0;0;0;122174639;4953
0;0;0;0;0;0;122447401;4897
106;0;0;0;0;0;123367144;3307
107;0;0;0;0;0;123972176;10664
100;0;0;0;0;0;123997575;8330
121;20;0;0;0.100000;0;125872776;5775
126;30;0;0;0.100000;0;130379431;8053
105;0;0;0;0;0;131780565;3893
100;0;0;0;0;0;135098887;8837
104;0;0;0;0;0;135121329;7724
121;10;0;0;0;0;136135769;5130
101;0;0;0;0;0;136869420;10772
100;0;0;0;0;0;138058354;1248
104;0;0;0;0;0;138643591;7167
100;0;0;0;0;0;138990086;732
100;0;0;0;0;0;144369466;7623
0;0;0;0;0;0;144440018;8060
100;0;0;0;0;0;146298639;4554
100;0;0;0;0;0;151065114;11853
105;0;0;0;0;0;153209393;5263
100;0;0;0;0;0;154525292;11392
103;0;0;0;0;0;155214435;9285
108;0;0;0;0;0;158516443;7366
100;0;0;0;0;0;158666715;1732
102;0;0;0;0;0;159630066;8413
100;0;0;0;0;0;160259559;11967
100;0;0;0;0;0;163434571;5486
104;0;0;0;0;0;163625183;5640
0;0;0;0;0;0;164365283;8357
100;0;0;0;0;0;164675961;11804
100;0;0;0;0;0;166002206;1242
152;30;0;0;0;0;166381712;3789
100;0;0;0;0;0;169189995;6451
110;0;0;0;0;0;169878261;11529
100;0;0;0;0;0;175139221;7934
100;0;0;0;0;0;175207800;10277
101;0;0;0;0;0;181058985;5633
9;10;0;0;0.100000;0;181925432;8112
105;0;0;0;0;0;186980504;960
106;0;0;0;0;0;187337839;3390
109;0;0;0;0;0;188064252;2888
102;0;0;0;0;0;196205049;3588
105;0;0;0;0;0;197149685;3173
2;0;0;0;0;0;197556367;8364
121;10;0;0;0;0;199701603;1286
103;0;0;0;0;0;203080538;11770
4;0;0;0;0;0;205154493;9254
100;0;0;0;0;0;206656295;3347
102;0;0;0;0;0;206725836;4868
101;0;0;0;0;0;207700237;5278
0;0;0;0;0;0;208970981;6672
100;0;0;0;0;0;214337651;6573
100;0;0;0;0;0;216567347;10984
103;0;0;0;0;0;220551092;10956
100;0;0;0;0;0;224258901;11927
101;0;0;0;0;0;224600630;11815
819;650;0;0;3.015188;0;226425775;6714
102;0;0;0;0;0;228170397;1244
108;0;0;0;0;0;229139179;8478
0;0;0;0;0;0;230460844;11916
100;0;0;0;0;0;235086361;8892
108;0;0;0;0;0;235589177;5777
106;0;0;0;0;0;242728830;10932
160;40;0;0;0;0;247815958;76
100;0;0;0;0;0;248135007;7330
6;0;0;0;0;0;248205747;8768
102;0;0;0;0;0;248541787;11751
0;0;0;0;0;0;250675714;11666
100;0;0;0;0;0;253548605;7434
104;0;0;0;0;0;253633908;8840
106;0;0;0;0;0;253812742;11769
400;180;0;0;0;0;255837383;1818
100;0;0;0;0;0;259383846;3595
100;0;0;0;0;0;259401900;1960
102;0;0;0;0;0;263761089;9954
100;0;0;0;0;0;270123062;9477
106;0;0;0;0;0;278163226;11471
100;0;0;0;0;0;279402661;1984
108;0;0;0;0;0;279733837;7760
109;0;0;0;0;0;285907112;11461
100;0;0;0;0;0;286145291;9437
100;0;0;0;0;0;288447831;11468
100;0;0;0;0;0;288666058;10663
100;0;0;0;0;0;288707157;9764
7;0;0;0;0;0;289615947;11824
100;0;0;0;0;0;291478559;11630
0;0;0;0;0;0;293000465;4709
0;0;0;0;0;0;303302719;8762
106;0;0;0;0;0;305206104;10608
109;0;0;0;0;0;305292647;3278
100;0;0;0;0;0;306044469;9633
101;0;0;0;0;0;310329400;7599
110;0;0;0;0;0;315921467;5954
100;0;0;0;0;0;320452496;12000
8;0;0;0;0;0;321673319;6907
110;0;0;0;0;0;323919875;2012
102;0;0;0;0;0;330306881;11643
100;0;0;0;0;0;331396444;11934
102;0;0;0;0;0;332015959;9785
107;0;0;0;0;0;334119850;7983
0;0;0;0;0;0;334850654;2809
7;0;0;0;0;0;340917018;2334
0;0;0;0;0;0;341151851;5076
101;0;0;0;0;0;343499858;9726
0;0;0;0;0;0;344421040;3277
110;0;0;0;0;0;352545445;9064
109;0;0;0;0;0;353063702;10571
100;0;0;0;0;0;357827349;4835
107;0;0;0;0;0;358263157;3363
107;0;0;0;0;0;359200485;9942
1;0;0;0;0;0;364397758;1238
112;10;0;0;0;0;367631600;7095
110;10;0;0;0.100000;0;370855913;10563
100;0;0;0;0;0;380893474;9782
100;0;0;0;0;0;380917333;5938
106;0;0;0;0;0;381143563;3992
103;0;0;0;0;0;382370457;3197
100;0;0;0;0;0;385830367;1717
100;0;0;0;0;0;387937327;11562
100;0;0;0;0;0;392624505;9642
100;0;0;0;0;0;393389281;10706
198;100;0;0;0.700000;0;394397878;7338
101;0;0;0;0;0;397427801;1075
100;0;0;0;0;0;398858282;5219
106;0;0;0;0;0;402168941;8571
104;0;0;0;0;0;402330335;1052
135;30;0;0;0.100000;0;403198854;9943
109;10;0;0;0.100000;0;405314421;7030
100;0;0;0;0;0;407134135;8930
0;0;0;0;0;0;408081691;10866
0;0;0;0;0;0;412226059;6371
100;0;0;0;0;0;419468189;1035
0;0;0;0;0;0;419553233;6000
102;0;0;0;0;0;421029293;1672
102;0;0;0;0;0;424182537;6031
0;0;0;0;0;0;424505034;7249
103;0;0;0;0;0;425600211;7473
100;0;0;0;0;0;429315246;7020
100;0;0;0;0;0;429828902;880
109;0;0;0;0;0;433550319;7746
0;0;0;0;0;0;435644915;6851
0;0;0;0;0;0;437234361;963
110;0;0;0;0;0;439491793;9455
104;0;0;0;0;0;445491530;6205
100;0;0;0;0;0;445579344;3884
109;0;0;0;0;0;456293115;1054
105;0;0;0;0;0;456310794;11393
127;20;0;0;0;0;458573227;9947
100;0;0;0;0;0;461899795;10168
104;0;0;0;0;0;462479549;4255
100;0;0;0;0;0;466886317;8820
116;10;0;0;0;0;468152238;6115
107;20;0;0;0.000000;0.2;469563335;8859
106;0;0;0;0;0;473527023;92
104;0;0;0;0;0;475857756;6858
108;0;0;0;0;0;481632060;8661
105;0;0;0;0;0;482409385;8417
112;10;0;0;0;0;489563543;1406
110;0;0;0;0;0;493480437;927
0;0;0;0;0;0;496335379;12001
101;0;0;0;0;0;496804791;2623
100;0;0;0;0;0;497987139;9728
0;0;0;0;0;0;499190823;6808
100;0;0;0;0;0;500784449;2134
107;0;0;0;0;0;502570466;2518
107;0;0;0;0;0;504719750;6609
100;0;0;0;0;0;512078281;9508
101;0;0;0;0;0;518715589;7382
104;0;0;0;0;0;519364831;9735
122;10;0;0;0;0;521570414;930
106;0;0;0;0;0;524255582;3333
0;0;0;0;0;0;524386251;4820
100;0;0;0;0;0;524944458;3614
110;0;0;0;0;0;525873822;3481
100;0;0;0;0;0;531157764;10091
103;0;0;0;0;0;532646696;10248
100;0;0;0;0;0;537121464;4405
103;0;0;0;0;0;542571638;11782
100;0;0;0;0;0;542732950;8477
378;170;0;0;0;0;542822412;4085
105;0;0;0;0;0;543752208;6751
105;0;0;0;0;0;549280084;11878
100;0;0;0;0;0;553264339;7736
103;0;0;0;0;0;554003894;9515
103;0;0;0;0;0;554675323;4489
0;0;0;0;0;0;557869643;751
3;0;0;0;0;0;559562004;9000
105;0;0;0;0;0;563507131;271
100;0;0;0;0;0;568223793;11807
104;0;0;0;0;0;568496038;1710
0;0;0;0;0;0;568983840;4704
109;0;0;0;0;0;572137690;6702
101;0;0;0;0;0;577519764;377
100;0;0;0;0;0;583132283;7321
108;0;0;0;0;0;584209006;11367
100;0;0;0;0;0;586588417;11310
105;0;0;0;0;0;587068974;1033
100;0;0;0;0;0;589797622;11511
100;0;0;0;0;0;602589959;4428
0;0;0;0;0;0;603550488;6828
100;0;0;0;0;0;604735593;6044
10;0;0;0;0;0;608207525;1918
104;0;0;0;0;0;608264092;6007
105;0;0;0;0;0;611347092;10032
100;0;0;0;0;0;614360783;6627
101;0;0;0;0;0;614832153;2517
100;0;0;0;0;0;621645426;7139
104;0;0;0;0;0;625503125;3451
0;0;0;0;0;0;627207678;2378
108;0;0;0;0;0;627462206;5136
46;40;0;0;0.200000;0;627637425;9486
102;0;0;0;0;0;630714119;3731
0;0;0;0;0;0;634078729;4459
101;0;0;0;0;0;634187070;5192
0;0;0;0;0;0;634517982;5831
0;0;0;0;0;0;635277398;1108
0;0;0;0;0;0;636267657;2127
108;0;0;0;0;0;636465788;7013
100;0;0;0;0;0;637028566;11356
102;0;0;0;0;0;637211271;4743
100;0;0;0;0;0;637546997;2034
100;0;0;0;0;0;639226730;7098
135;10;0;0;0.100000;0;642388740;3100
100;0;0;0;0;0;644111192;6918
100;0;0;0;0;0;644819378;8733
1;0;0;0;0;0;646978629;11930
7;0;0;0;0;0;647797205;5090
0;0;0;0;0;0;652578532;3875
107;0;0;0;0;0;653111035;4654
135;20;0;0;0;0;657851204;6979
102;0;0;0;0;0;660175928;10184
101;0;0;0;0;0;662117769;8299
100;0;0;0;0;0;662187496;2748
109;0;0;0;0;0;662928889;8845
123;20;0;0;0;0;666044731;1802
100;0;0;0;0;0;672807189;394
109;0;0;0;0;0;673751305;4521
109;0;0;0;0;0;676258766;6811
112;10;0;0;0;0;678546882;4973
0;0;0;0;0;0;678732682;2654
110;0;0;0;0;0;682013519;6300
106;0;0;0;0;0;684533112;5556
100;0;0;0;0;0;686611153;7075
110;0;0;0;0;0;688141956;8484
110;0;0;0;0;0;689901388;1674
108;0;0;0;0;0;692509863;11167
0;0;0;0;0;0;696281470;6656
102;0;0;0;0;0;697199203;5189
108;0;0;0;0;0;697312789;1070
0;0;0;0;0;0;697874293;3038
107;0;0;0;0;0;698093311;348
100;0;0;0;0;0;698273736;1596
100;0;0;0;0;0;698976214;8755
100;0;0;0;0;0;702785087;9271
117;10;0;0;0;0;703310938;10790
104;0;0;0;0;0;705348385;9714
106;0;0;0;0;0;708067546;9322
0;0;0;0;0;0;714905610;6064
0;0;0;0;0;0;716000110;12022
100;0;0;0;0;0;716151541;7958
118;10;0;0;0;0;716632192;3246
108;0;0;0;0;0;718617395;10867
102;0;0;0;0;0;719021372;11374
9;10;0;0;0.100000;0;720354840;8793
0;0;0;0;0;0;720776758;6109
100;0;0;0;0;0;722985282;7906
100;0;0;0;0;0;723920813;6909
127;30;0;0;0.300000;0;724035295;9039
119;10;0;0;0;0;725866124;8149
109;10;0;0;0.100000;0;726833288;11111
100;0;0;0;0;0;732117823;11671
100;0;0;0;0;0;733811086;11406
101;0;0;0;0;0;734306712;9373
0;0;0;0;0;0;737345782;6033
104;0;0;0;0;0;745776700;4586
100;0;0;0;0;0;750558744;1901
105;0;0;0;0;0;751418406;10698
108;0;0;0;0;0;753384747;5330
113;10;0;0;0;0;759947307;6806
110;0;0;0;0;0;764004445;7585
103;0;0;0;0;0;774081599;2067
124;20;0;0;0;0;778952240;7527
105;0;0;0;0;0;780151448;10039
100;0;0;0;0;0;780824833;9793
113;10;0;0;0.100000;0;782771947;7267
100;0;0;0;0;0;785264406;8280
104;0;0;0;0;0;786288234;7723
100;0;0;0;0;0;793177517;10480
0;0;0;0;0;0;795474506;11820
100;0;0;0;0;0;795802629;2354
100;0;0;0;0;0;796821780;8905
115;30;0;0;0.300000;0;797716742;8234
100;0;0;0;0;0;801406735;8322
100;0;0;0;0;0;802308473;10750
109;0;0;0;0;0;803258473;11682
0;0;0;0;0;0;807699828;5891
102;0;0;0;0;0;808124501;3938
101;0;0;0;0;0;809004442;9080
100;0;0;0;0;0;812859731;5250
118;10;0;0;0;0;813044361;7455
108;0;0;0;0;0;813530656;7914
107;0;0;0;0;0;817272560;3210
0;0;0;0;0;0;817763950;4233
100;0;0;0;0;0;821602671;6058
0;0;0;0;0;0;821902459;3251
100;0;0;0;0;0;822087383;4387
110;0;0;0;0;0;822809552;7457
100;0;0;0;0;0;823208421;571
105;0;0;0;0;0;823809113;9503
100;0;0;0;0;0;825733811;2440
100;0;0;0;0;0;826731882;10970
106;0;0;0;0;0;832056103;2078
100;0;0;0;0;0;834700651;11776
108;0;0;0;0;0;834760987;4248
124;30;0;0;0.300000;0;835648800;10453
105;10;0;0;0.100000;0;837442850;9709
101;0;0;0;0;0;840336398;4927
100;0;0;0;0;0;840496183;8578
109;0;0;0;0;0;844149282;10493
106;0;0;0;0;0;849890595;264
103;0;0;0;0;0;851717073;1016
120;10;0;0;0;0;852872596;3060
100;0;0;0;0;0;858915968;3865
7;0;0;0;0;0;861882012;5888
109;0;0;0;0;0;862275038;11443
100;0;0;0;0;0;862369110;10786
110;0;0;0;0;0;862597782;10895
0;0;0;0;0;0;863677767;832
0;0;0;0;0;0;864378504;6097
100;0;0;0;0;0;864875690;11465
100;0;0;0;0;0;865394698;9284
100;0;0;0;0;0;867689931;10474
106;0;0;0;0;0;867752621;10941
0;0;0;0;0;0;871233335;7236
101;0;0;0;0;0;872826987;10285
105;0;0;0;0;0;873300758;6768
109;0;0;0;0;0;873786055;2751
100;0;0;0;0;0;874855827;11708
103;0;0;0;0;0;876829248;1889
100;0;0;0;0;0;879088309;4551
100;0;0;0;0;0;882940098;9843
100;0;0;0;0;0;883938705;9580
100;0;0;0;0;0;883956439;6805
100;0;0;0;0;0;884192529;3111
100;0;0;0;0;0;885037652;10549
1079.0000;565.448;5;0;2.554480;0;886866275;2835
101;0;0;0;0;0;888248846;423
100;0;0;0;0;0;888516544;11928
100;0;0;0;0;0;888590941;11216
103;10;0;0;0.000000;0.1;890932798;6103
103;0;0;0;0;0;892205324;11479
0;0;0;0;0;0;893120853;10376
107;0;0;0;0;0;894633949;7009
103;0;0;0;0;0;895235446;7963
100;0;0;0;0;0;895425816;7854
118;10;0;0;0;0;896226421;3308
104;0;0;0;0;0;901699358;7888
104;0;0;0;0;0;902263916;11091
110;0;0;0;0;0;902764057;9700
100;0;0;0;0;0;903563376;4263
106;0;0;0;0;0;904654744;9423
109;0;0;0;0;0;906625430;6926
101;0;0;0;0;0;907560230;1916
100;0;0;0;0;0;909090901;3
100;0;0;0;0;0;909832192;11255
108;0;0;0;0;0;912450131;11150
107;0;0;0;0;0;913623209;6130
100;0;0;0;0;0;913853985;10500
104;0;0;0;0;0;914334533;9807
100;0;0;0;0;0;919039873;7016
100;0;0;0;0;0;920603918;9787
100;0;0;0;0;0;921056874;8585
100;0;0;0;0;0;921118688;2041
100;0;0;0;0;0;922739721;5989
0;0;0;0;0;0;923446723;7432
110;0;0;0;0;0;925859599;7099
100;0;0;0;0;0;928187043;10272
100;0;0;0;0;0;928681043;6610
100;0;0;0;0;0;929814254;9384
101;0;0;0;0;0;931841580;28
105;0;0;0;0;0;933034661;767
100;0;0;0;0;0;936781708;9951
106;0;0;0;0;0;939421756;3110
0;0;0;0;0;0;940406852;7913
100;0;0;0;0;0;944105483;10074
108;0;0;0;0;0;944808829;5666
100;0;0;0;0;0;944891789;5927
100;0;0;0;0;0;948767877;7672
100;0;0;0;0;0;949957732;2073
0;0;0;0;0;0;950947537;9922
105;0;0;0;0;0;951870872;10467
108;0;0;0;0;0;952811237;10373
100;0;0;0;0;0;954750006;2921
100;0;0;0;0;0;961057734;5222
108;0;0;0;0;0;963078335;701
101;0;0;0;0;0;963306609;6857
105;0;0;0;0;0;963414869;9550
100;0;0;0;0;0;964225337;5146
100;0;0;0;0;0;964768045;5639
100;0;0;0;0;0;968587725;3478
100;0;0;0;0;0;971016226;11865
119;10;0;0;0;0;975554711;2771
100;0;0;0;0;0;978463981;9346
100;0;0;0;0;0;978471568;3687
100;0;0;0;0;0;979143514;10927
100;0;0;0;0;0;986163363;10215
109;0;0;0;0;0;987370065;10292
100;0;0;0;0;0;987498843;5168
100;0;0;0;0;0;988249161;5420
102;0;0;0;0;0;988356482;3993
114;0;0;0;0;0;989154067;883
107;0;0;0;0;0;989198355;738
100;0;0;0;0;0;989657379;8219
103;0;0;0;0;0;990769615;335
0;0;0;0;0;0;995765093;1595
100;0;0;0;0;0;997283025;11801
100;0;0;0;0;0;997982319;6185
110;0;0;0;0;0;998409296;2007
100;0;0;0;0;0;999335411;9441
100;0;0;0;0;0;1005326020;2675
100;0;0;0;0;0;1006374226;11656
0;0;0;0;0;0;1007243833;10633
0;0;0;0;0;0;1007321991;3097
114;10;0;0;0;0;1008378117;6933
108;0;0;0;0;0;1010797705;2614
4;0;0;0;0;0;1012452933;10179
117;10;0;0;0;0;1012612815;10831
107;0;0;0;0;0;1013071938;9058
104;0;0;0;0;0;1014293389;10094
108;0;0;0;0;0;1014404907;8898
0;0;0;0;0;0;1014667207;5700
108;0;0;0;0;0;1014755735;2881
100;0;0;0;0;0;1016074111;2999
104;0;0;0;0;0;1016481235;10449
107;0;0;0;0;0;1018669194;10319
140;40;0;0;0;0;1020492563;9570
0;0;0;0;0;0;1021878160;6898
100;0;0;0;0;0;1023206200;3652
100;0;0;0;0;0;1024954411;11428
109;0;0;0;0;0;1024954738;2093
100;0;0;0;0;0;1026398370;11289
102;0;0;0;0;0;1027305032;9067
313;200;0;0;0;0;1028092977;2326
100;0;0;0;0;0;1029374278;8650
109;0;0;0;0;0;1031588607;10510
104;0;0;0;0;0;1031631302;2911
114;10;0;0;0;0;1031789782;7883
121;10;0;0;0;0;1033741881;2473
100;0;0;0;0;0;1034291036;10001
100;0;0;0;0;0;1034945017;10073
105;0;0;0;0;0;1039620435;1958
105;0;0;0;0;0;1039951525;7104
100;0;0;0;0;0;1039958067;11407
103;0;0;0;0;0;1041947514;1569
0;0;0;0;0;0;1042390194;8366
100;0;0;0;0;0;1043576021;9135
117;20;0;0;0.200000;0;1046026624;3794
102;0;0;0;0;0;1046974212;3236
106;0;0;0;0;0;1048983825;8108
102;0;0;0;0;0;1049413888;1646
24;10;0;0;0;0;1051323665;11673
100;0;0;0;0;0;1051631042;5704
104;0;0;0;0;0;1053712552;2717
104;0;0;0;0;0;1054822067;3578
102;0;0;0;0;0;1056079588;2482
106;0;0;0;0;0;1057535462;7243
100;0;0;0;0;0;1061181382;4756
100;0;0;0;0;0;1063860886;4862
108;0;0;0;0;0;1064296963;11858
108;0;0;0;0;0;1064375631;6101
100;0;0;0;0;0;1065559238;5883
4;0;0;0;0;0;1066436010;11940
125;20;0;0;0;0;1068119624;2333
102;0;0;0;0;0;1068613174;11179
102;0;0;0;0;0;1071066680;1363
100;0;0;0;0;0;1074659697;5853
100;0;0;0;0;0;1076329955;9831
102;0;0;0;0;0;1076930901;6940
100;0;0;0;0;0;1078252440;3552
108;0;0;0;0;0;1079700239;1367
6;0;0;0;0;0;1080128786;8773
137;20;0;0;0;0;1080483281;6599
100;0;0;0;0;0;1082343422;5595
102;0;0;0;0;0;1082351313;7286
0;0;0;0;0;0;1084213369;7796
102;0;0;0;0;0;1087147767;11624
100;0;0;0;0;0;1089257842;7181
110;0;0;0;0;0;1090364080;826
383;210;0;0;0.400000;0;1090534863;2527
100;0;0;0;0;0;1090557288;5944
150;30;0;0;0;0;1090856027;5964
0;0;0;0;0;0;1091870094;7397
0;0;0;0;0;0;1092304687;1454
0;0;0;0;0;0;1094311513;4172
0;0;0;0;0;0;1094577611;11672
100;0;0;0;0;0;1094854359;7721
105;0;0;0;0;0;1099809461;3889
7;0;0;0;0;0;1101626540;6888
103;0;0;0;0;0;1102056207;1342
100;0;0;0;0;0;1102066832;27
100;0;0;0;0;0;1104119757;11739
104;0;0;0;0;0;1106055018;6647
106;0;0;0;0;0;1106790983;9190
0;0;0;0;0;0;1107021529;3963
104;0;0;0;0;0;1107230293;5478
119;0;0;0;0;0;1109481221;2140
0;0;0;0;0;0;1109603520;9718
106;0;0;0;0;0;1111251604;2963
105;0;0;0;0;0;1113405752;10717
0;0;0;0;0;0;1113899212;2609
124;10;0;0;0;0;1118908858;3084
109;0;0;0;0;0;1119797554;2282
100;0;0;0;0;0;1119999438;9814
102;0;0;0;0;0;1123706923;9106
104;0;0;0;0;0;1124327574;1902
160;40;0;0;0;0;1125479544;8581
100;0;0;0;0;0;1125938109;1896
100;0;0;0;0;0;1126861589;3282
0;0;0;0;0;0;1128292729;907
100;0;0;0;0;0;1128376171;7520
100;0;0;0;0;0;1131672760;7394
109;0;0;0;0;0;1132284239;11351
100;0;0;0;0;0;1135962648;5724
109;0;0;0;0;0;1136388408;4259
0;0;0;0;0;0;1136433699;8028
106;0;0;0;0;0;1136927164;6316
100;0;0;0;0;0;1137546825;6020
100;0;0;0;0;0;1139516687;1239
117;30;0;0;0.300000;0;1139732777;8256
109;0;0;0;0;0;1140742208;6079
109;0;0;0;0;0;1141024386;2993
100;0;0;0;0;0;1141968329;11849
0;0;0;0;0;0;1143474550;4671
2;0;0;0;0;0;1143687546;5817
0;0;0;0;0;0;1144350826;1781
110;0;0;0;0;0;1144495317;1543
100;0;0;0;0;0;1144756154;8890
107;0;0;0;0;0;1145925219;10233
100;0;0;0;0;0;1147877655;5523
100;0;0;0;0;0;1148427480;9063
110;0;0;0;0;0;1150454093;4132
100;0;0;0;0;0;1150828581;11208
110;0;0;0;0;0;1156026483;4672
107;0;0;0;0;0;1156994341;8947
101;0;0;0;0;0;1159576808;731
100;0;0;0;0;0;1161753151;4173
100;0;0;0;0;0;1162099477;5133
110;0;0;0;0;0;1163198065;1115
172;70;0;0;0.300000;0;1163433276;7472
109;0;0;0;0;0;1163898748;9601
0;0;0;0;0;0;1164288144;11903
0;0;0;0;0;0;1166942406;1361
171;50;0;0;0.100000;0;1170564122;648
0;0;0;0;0;0;1171493105;4655
0;0;0;0;0;0;1174364892;3517
110;0;0;0;0;0;1181079234;5998
100;0;0;0;0;0;1182145284;6220
106;0;0;0;0;0;1182967177;10840
107;0;0;0;0;0;1183344132;7113
105;0;0;0;0;0;1185897612;6196
0;0;0;0;0;0;1188422704;4224
100;0;0;0;0;0;1188723787;11381
108;0;0;0;0;0;1191978909;5196
106;0;0;0;0;0;1192227615;10747
106;0;0;0;0;0;1192282541;8111
109;0;0;0;0;0;1193760901;6726
776;430;0;0;0.011863;0;1193894441;223
101;0;0;0;0;0;1195209609;9759
103;0;0;0;0;0;1196069319;193
105;0;0;0;0;0;1196553524;4020
0;0;0;0;0;0;1196584783;3607
100;0;0;0;0;0;1199251030;10852
100;0;0;0;0;0;1203296256;4545
110;10;0;0;0;0;1203536631;3287
104;0;0;0;0;0;1203560079;4406
105;0;0;0;0;0;1203979745;11886
109;0;0;0;0;0;1204021573;6215
109;0;0;0;0;0;1205171010;6433
0;0;0;0;0;0;1205910451;10273
105;0;0;0;0;0;1206127321;2973
100;0;0;0;0;0;1208036819;4517
100;0;0;0;0;0;1209537080;1125
0;0;0;0;0;0;1210330256;3697
104;0;0;0;0;0;1210455445;6814
122;20;0;0;0;0;1211642983;9500
0;0;0;0;0;0;1212971244;6481
102;0;0;0;0;0;1213632352;4324
100;0;0;0;0;0;1213755992;8834
100;0;0;0;0;0;1216297382;8304
0;0;0;0;0;0;1216387937;4016
110;0;0;0;0;0;1216477007;5621
100;0;0;0;0;0;1216513544;11349
100;0;0;0;0;0;1219007675;1750
100;0;0;0;0;0;1219930297;3750
100;0;0;0;0;0;1220675096;9602
108;0;0;0;0;0;1224364826;4388
100;0;0;0;0;0;1224937611;8341
100;0;0;0;0;0;1225420916;6582
101;0;0;0;0;0;1225773288;2456
100;0;0;0;0;0;1230428105;10929
0;0;0;0;0;0;1231066185;3203
101;0;0;0;0;0;1231679245;2098
100;0;0;0;0;0;1231751391;4069
105;0;0;0;0;0;1234552429;8806
108;0;0;0;0;0;1236316539;4375
106;0;0;0;0;0;1237284189;6030
100;0;0;0;0;0;1237926552;6169
0;0;0;0;0;0;1239126458;4166
101;0;0;0;0;0;1239536977;10551
0;0;0;0;0;0;1240840489;8838
100;0;0;0;0;0;1241274307;1911
100;0;0;0;0;0;1244865608;6522
100;0;0;0;0;0;1244872381;9124
0;0;0;0;0;0;1245317485;4266
100;0;0;0;0;0;1246325610;6619
106;0;0;0;0;0;1247419231;6883
108;0;0;0;0;0;1247493335;9070
118;10;0;0;0;0;1250014684;9092
100;0;0;0;0;0;1250059105;4157
110;0;0;0;0;0;1251129753;1711
110;0;0;0;0;0;1251478446;5579
107;0;0;0;0;0;1252144576;3180
110;0;0;0;0;0;1252523001;6740
208;70;0;0;0;0;1254022510;2397
100;10;0;0;0.100000;0;1254950818;8915
102;0;0;0;0;0;1255201492;584
0;0;0;0;0;0;1255880745;12011
0;0;0;0;0;0;1257557396;3658
100;0;0;0;0;0;1260707476;167
100;0;0;0;0;0;1261570152;7918
104;0;0;0;0;0;1262965806;4104
110;0;0;0;0;0;1268228269;669
110;0;0;0;0;0;1268484452;7901
125;20;0;0;0;0;1268873313;9750
100;0;0;0;0;0;1268910643;2161
109;0;0;0;0;0;1270401701;3988
104;0;0;0;0;0;1275169938;1653
100;0;0;0;0;0;1276596350;5663
127;20;0;0;0;0;1279900725;3468
100;0;0;0;0;0;1281724574;3861
109;0;0;0;0;0;1283220929;10064
110;0;0;0;0;0;1283378538;9374
0;0;0;0;0;0;1283786794;457
101;0;0;0;0;0;1283930678;7680
106;0;0;0;0;0;1284275909;6539
111;10;0;0;0.100000;0;1284862847;9331
105;0;0;0;0;0;1284981357;4175
104;0;0;0;0;0;1285712020;3508
100;0;0;0;0;0;1289304684;4737
100;0;0;0;0;0;1289305211;2359
108;0;0;0;0;0;1291580977;8649
110;0;0;0;0;0;1294214980;6577
0;0;0;0;0;0;1294893716;4938
109;0;0;0;0;0;1296115287;6415
0;0;0;0;0;0;1296342911;11550
105;0;0;0;0;0;1300979784;1787
100;0;0;0;0;0;1301593426;2812
102;0;0;0;0;0;1302370245;4488
106;0;0;0;0;0;1302452847;8855
109;0;0;0;0;0;1302586253;6459
0;0;0;0;0;0;1302928631;4514
102;0;0;0;0;0;1303783319;9607
100;0;0;0;0;0;1304475849;9029
100;0;0;0;0;0;1304884735;7102
100;0;0;0;0;0;1305642007;11015
102;0;0;0;0;0;1305642562;11493
0;0;0;0;0;0;1306386918;6881
0;0;0;0;0;0;1308830814;599
10;0;0;0;0;0;1310786136;2305
103;0;0;0;0;0;1311137501;1698
100;0;0;0;0;0;1311301340;5483
180;50;0;0;0.100000;0;1312051755;986
107;0;0;0;0;0;1314186977;6529
0;0;0;0;0;0;1314767376;4051
101;0;0;0;0;0;1318102725;9488
102;0;0;0;0;0;1318962875;5082
100;0;0;0;0;0;1319828643;11857
100;0;0;0;0;0;1320040376;4053
100;0;0;0;0;0;1320373602;1006
0;0;0;0;0;0;1321618026;3879
100;0;0;0;0;0;1322652171;3939
0;0;0;0;0;0;1326447409;6324
100;0;0;0;0;0;1326570322;725
100;0;0;0;0;0;1327330908;1247
0;0;0;0;0;0;1327664789;5881
0;0;0;0;0;0;1327933583;1289
0;0;0;0;0;0;1328084261;11906
110;0;0;0;0;0;1328953836;467
106;0;0;0;0;0;1329924771;3829
0;0;0;0;0;0;1331596867;6212
100;0;0;0;0;0;1331842279;4142
109;0;0;0;0;0;1334498648;4470
100;0;0;0;0;0;1337013622;3290
108;0;0;0;0;0;1337753715;3087
104;0;0;0;0;0;1339382976;9078
160;40;0;0;0;0;1343397358;342
105;0;0;0;0;0;1346415557;9388
101;0;0;0;0;0;1347738018;9051
110;0;0;0;0;0;1349053302;7125
100;0;0;0;0;0;1351032456;8119
100;0;0;0;0;0;1351408854;9156
100;0;0;0;0;0;1352293616;6166
108;0;0;0;0;0;1352389031;9262
100;0;0;0;0;0;1352900260;11049
100;0;0;0;0;0;1352944156;10699
120;10;0;0;0;0;1353488111;7264
0;0;0;0;0;0;1353535036;4558
101;0;0;0;0;0;1355099628;6192
100;0;0;0;0;0;1355220160;7959
109;0;0;0;0;0;1355332093;2743
111;10;0;0;0.100000;0;1357114646;9011
100;0;0;0;0;0;1358906519;5692
100;0;0;0;0;0;1360603876;7079
108;0;0;0;0;0;1360674469;9685
103;0;0;0;0;0;1361200532;4133
0;0;0;0;0;0;1363144883;953
100;0;0;0;0;0;1363408280;11110
103;0;0;0;0;0;1364553284;6550
100;0;0;0;0;0;1365177928;1765
0;0;0;0;0;0;1365470111;4292
107;0;0;0;0;0;1366196783;8493
0;0;0;0;0;0;1369134136;6860
100;0;0;0;0;0;1369181371;11792
106;0;0;0;0;0;1369397905;5738
105;0;0;0;0;0;1370525648;10381
103;0;0;0;0;0;1371313525;1794
0;0;0;0;0;0;1372731717;7725
109;0;0;0;0;0;1373957553;3449
106;0;0;0;0;0;1377164917;9960
100;0;0;0;0;0;1378643901;9107
0;0;0;0;0;0;1380220657;5422
5;0;0;0;0;0;1380626866;868
108;0;0;0;0;0;1381377408;11164
124;10;0;0;0;0;1384281989;7996
106;0;0;0;0;0;1384368694;9181
0;0;0;0;0;0;1385675883;2918
9;0;0;0;0;0;1387230672;10844
110;0;0;0;0;0;1387540962;5795
102;0;0;0;0;0;1389185724;9401
100;0;0;0;0;0;1389297633;7225
666;300;0;0;0;0;1390061339;3372
100;0;0;0;0;0;1390100729;8948
105;0;0;0;0;0;1391290551;11738
195;310;0;0.25;2.850000;0;1391724592;8261
110;0;0;0;0;0;1392923044;8961
100;0;0;0;0;0;1394498915;4676
100;0;0;0;0;0;1396892641;2509
109;0;0;0;0;0;1397799255;8959
4;0;0;0;0;0;1397828526;9133
0;0;0;0;0;0;1399552357;1255
0;0;0;0;0;0;1400018113;2980
109;0;0;0;0;0;1405019122;9238
140;30;0;0;0;0;1406038816;4995
109;0;0;0;0;0;1407395663;3797
109;0;0;0;0;0;1408678270;1245
136;20;0;0;0;0;1409190994;3494
100;0;0;0;0;0;1409245261;2132
100;0;0;0;0;0;1410736625;9445
104;0;0;0;0;0;1410916384;4789
100;0;0;0;0;0;1410960800;5684
10;0;0;0;0;0;1412490747;8120
103;0;0;0;0;0;1412873888;10252
108;0;0;0;0;0;1414996643;5155
100;0;0;0;0;0;1419379130;9952
127;30;0;0;0.300000;0;1421628675;9898
100;0;0;0;0;0;1422419224;7748
103;0;0;0;0;0;1427759830;7542
166;30;0;0;0;0;1430283082;10120
0;0;0;0;0;0;1430292059;6110
100;0;0;0;0;0;1430734691;7812
100;0;0;0;0;0;1431782797;2029
0;0;0;0;0;0;1431851599;3994
110;10;0;0;0;0;1431874947;9472
107;0;0;0;0;0;1432693258;4109
0;0;0;0;0;0;1434219021;2496
1;0;0;0;0;0;1435069670;4699
23;10;0;0;0;0;1438333652;10216
100;0;0;0;0;0;1438997673;7841
100;0;0;0;0;0;1440810865;2381
100;0;0;0;0;0;1441016060;10884
0;0;0;0;0;0;1441332322;11534
101;0;0;0;0;0;1442286570;10217
101;0;0;0;0;0;1442650363;2419
123;10;0;0;0;0;1442844695;5620
103;0;0;0;0;0;1443411456;10712
100;0;0;0;0;0;1444103480;11661
0;0;0;0;0;0;1445025173;6621
107;0;0;0;0;0;1446604406;5276
100;0;0;0;0;0;1447180206;3257
106;0;0;0;0;0;1453591652;11639
0;0;0;0;0;0;1456312763;3984
101;0;0;0;0;0;1457133051;6387
100;0;0;0;0;0;1457721737;3694
0;0;0;0;0;0;1457975433;6321
101;0;0;0;0;0;1458162778;308
100;0;0;0;0;0;1458318728;9082
0;0;0;0;0;0;1461245743;9129
100;0;0;0;0;0;1462842210;10832
107;0;0;0;0;0;1463151138;9229
228.0000;100.0000;0;0;0;0;1466011807;2650
100;0;0;0;0;0;1466925394;6531
101;0;0;0;0;0;1468698851;575
100;0;0;0;0;0;1473292346;3463
107;0;0;0;0;0;1475069013;401
103;0;0;0;0;0;1476590862;11285
100;0;0;0;0;0;1477058934;2523
100;0;0;0;0;0;1478069656;6270
100;0;0;0;0;0;1480417407;9132
109;0;0;0;0;0;1480917416;4563
100;0;0;0;0;0;1482086478;7806
106;0;0;0;0;0;1483032043;1316
100;0;0;0;0;0;1486322104;4316
608.0000;140;3;0;0;0;1487314449;1609
100;0;0;0;0;0;1490241585;9993
100;0;0;0;0;0;1490856768;6059
100;0;0;0;0;0;1490999218;1547
100;0;0;0;0;0;1492429129;2906
100;0;0;0;0;0;1494826433;11203
110;0;0;0;0;0;1496097670;7336
100;0;0;0;0;0;1497246059;9436
100;0;0;0;0;0;1503041277;8922
102;0;0;0;0;0;1506500841;8208
314.0000;10;2;0;0;0;1511254913;8240
100;0;0;0;0;0;1515170380;5321
104;0;0;0;0;0;1517765703;10126
103;0;0;0;0;0;1517926643;9979
0;0;0;0;0;0;1519782973;7655
125;10;0;0;0;0;1520562450;3527
124;20;0;0;0;0;1521024765;7183
102;0;0;0;0;0;1521842219;5623
100;0;0;0;0;0;1525827060;6008
109;0;0;0;0;0;1528502040;2679
105;0;0;0;0;0;1528534061;1682
105;0;0;0;0;0;1530599101;7741
110;0;0;0;0;0;1537306925;8536
0;0;0;0;0;0;1537341855;7861
151;40;0;0;0;0;1543180716;3606
102;0;0;0;0;0;1544039075;4482
105;0;0;0;0;0;1545252742;4967
100;0;0;0;0;0;1548900515;10624
108;0;0;0;0;0;1549573495;9127
100;0;0;0;0;0;1551361557;11152
101;0;0;0;0;0;1553799728;7341
0;0;0;0;0;0;1553959722;1992
100;0;0;0;0;0;1557886352;3982
100;0;0;0;0;0;1559124041;5052
103;0;0;0;0;0;1562204276;11654
100;0;0;0;0;0;1563799257;11867
101;0;0;0;0;0;1569229002;6869
110;0;0;0;0;0;1569241420;9564
110;0;0;0;0;0;1573816686;1684
117;10;0;0;0;0;1574782042;498
333.0000;20;2;0;0.000074;0.1102;1581440561;4461
100;0;0;0;0;0;1583473347;5029
104;0;0;0;0;0;1586374935;6769
101;0;0;0;0;0;1591709334;3847
10;0;0;0;0;0;1592940288;4708
159;90;0;0;0.800000;0;1594808843;9535
0;0;0;0;0;0;1595792421;4080
101;0;0;0;0;0;1596241273;11192
108;0;0;0;0;0;1597966297;11966
0;0;0;0;0;0;1599348155;7922
107;0;0;0;0;0;1601166850;10326
105;0;0;0;0;0;1601227844;6654
0;0;0;0;0;0;1601568226;11530
102;0;0;0;0;0;1602312040;5543
109;0;0;0;0;0;1604029677;5541
9;0;0;0;0;0;1604316962;5808
100;0;0;0;0;0;1604452960;11396
109;0;0;0;0;0;1605260429;693
100;0;0;0;0;0;1605321601;11969
120;10;0;0;0;0;1605532044;3659
100;0;0;0;0;0;1605704296;3355
100;0;0;0;0;0;1607167826;10355
110;0;0;0;0;0;1607970647;11828
100;0;0;0;0;0;1609265088;3208
119;10;0;0;0;0;1611098505;5179
0;0;0;0;0;0;1612494743;1256
106;0;0;0;0;0;1614191200;6142
121;20;0;0;0.100000;0;1616009250;8910
0;0;0;0;0;0;1617406316;4794
131;50;0;0;0.500000;0;1620730859;8974
0;0;0;0;0;0;1624911457;7820
104;0;0;0;0;0;1626688336;1191
108;0;0;0;0;0;1626752053;3912
0;0;0;0;0;0;1628844283;3003
100;0;0;0;0;0;1629494255;9860
105;0;0;0;0;0;1629572473;7505
100;0;0;0;0;0;1629597147;10618
104;0;0;0;0;0;1630088692;11156
104;0;0;0;0;0;1631446808;774
0;0;0;0;0;0;1631560792;4983
100;0;0;0;0;0;1632238102;5653
103;0;0;0;0;0;1634671142;3634
103;0;0;0;0;0;1634857564;5224
116;10;0;0;0.100000;0;1635003363;4116
106;0;0;0;0;0;1636404497;6365
104;0;0;0;0;0;1638238046;2311
5;10;0;0;0.100000;0;1638385066;9676
100;0;0;0;0;0;1640414323;5547
101;0;0;0;0;0;1643348581;10301
102;0;0;0;0;0;1644565455;218
122;10;0;0;0;0;1644668272;718
100;0;0;0;0;0;1645974720;10210
100;0;0;0;0;0;1646181548;7558
100;0;0;0;0;0;1646593916;4096
100;0;0;0;0;0;1649234328;9650
108;0;0;0;0;0;1649990241;9981
109;0;0;0;0;0;1652617902;3427
101;0;0;0;0;0;1658517933;971
103;0;0;0;0;0;1659032751;9375
101;0;0;0;0;0;1660020158;7331
110;0;0;0;0;0;1660722986;6614
100;0;0;0;0;0;1662564916;11814
110;0;0;0;0;0;1663466567;1221
237;90;0;0;0;0;1666187866;3350
100;0;0;0;0;0;1666560026;8994
118;10;0;0;0;0;1668928979;3541
100;0;0;0;0;0;1670231023;4086
0;0;0;0;0;0;1670796640;5177
0;0;0;0;0;0;1670866660;6190
6;0;0;0;0;0;1672127543;1157
100;0;0;0;0;0;1673299954;798
5103.0000;0;50;0;0;0;1673938234;7025
0;0;0;0;0;0;1675668996;7468
108;0;0;0;0;0;1678365905;8721
100;0;0;0;0;0;1679143775;4026
103;0;0;0;0;0;1679598106;1063
149;30;0;0;0;0;1680525739;5894
103;0;0;0;0;0;1680721131;10171
112;10;0;0;0;0;1680954604;5716
105;10;0;0;0.100000;0;1681836970;9240
105;0;0;0;0;0;1682301526;5362
100;0;0;0;0;0;1682777404;10315