id;user_id;chain;asset;address;amount;fee;status;tx_hash;reject_reason;refunded;created_at;reviewed_at;reviewed_by
fd94275d-fe48-4a14-9a37-54a8daffc12b;7206619137;bsc;USDT;0xBf7486d6D2BE2232e74e749384B3E74F97d8D5D9;1;0.1;paid;0xBf7486d6D2BE2232e74e749384B3E74F97d8D5D9;;false;2026-09-26 10:30:50.347001+00;2026-09-26 12:48:00.469+00;7206619137
093eca2b-4c5c-4276-bb2c-512994534b62;7206619137;ton;USDT;https://t.me/OminixAiBot/Trade?startapp=7206619137;3.65;0.365;rejected;;;true;2026-09-27 06:08:56.395304+00;2026-09-27 06:10:07.543+00;7206619137
8eb47202-73a7-42b0-955b-33a120298695;7206619137;ton;USDT;UQCVxhjBVJQ7ufjD1lLSZW967R1DrFvFuOtVhsECnU_lqArV;3.65;0.365;paid;356e1f022ee8a07d9645a001299fa5c4fa88c773ea9744aa9810055fd0c8c077;;false;2026-09-27 06:10:28.769591+00;2026-09-27 06:12:10.573+00;7206619137
5bd552ff-540c-4c63-8eed-7d46e04baac2;7206619137;ton;USDT;0x61ae4A22287633551de832335ecFA86af1450E5F;11;1.1;paid;2b3957df145fc7b4e9a80ed1a5c93a5aa6250a0ee620cb3342a1ce4a3bb7e32b;;false;2026-09-27 09:37:07.195124+00;2026-09-27 09:37:31.904+00;7206619137
1f6084ec-433f-4788-86e9-1b5eb3e0976a;7070614700;bsc;USDT;0xe3f265D0DE84CB424e7d6774F286449732D0D66D;0.1;0.01;paid;;;false;2026-09-27 14:17:05.362323+00;2026-09-27 14:36:15.389+00;7206619137
f7aae0ae-51d9-4196-9b7f-41d13d27a681;6918567829;bsc;USDT;0x5d486c9653fb3d13096ccc4058074e9b5d4eb805;0.1;0.01;paid;;;false;2026-09-27 14:17:49.025438+00;2026-09-27 14:50:02.044+00;7206619137
647f7adb-d10e-44c1-a219-81b67e9a8bea;8351020688;bsc;USDT;0xcEF76E1DB9B7d82863745096696fCF81Fce292B4;0.1;0.01;paid;;;false;2026-09-27 14:18:52.558671+00;2026-09-27 14:50:33.342+00;7206619137
3745f193-8e6e-42a2-9ad1-4b6e8893b043;8141847750;bsc;USDT;0xabd46ced6fbf5655b20f91c2a76731940cc59c7f;0.1;0.01;paid;;;false;2026-09-27 14:18:58.372972+00;2026-09-27 14:51:12.197+00;7206619137
679c60d7-642e-4aeb-b191-8a9e005dfa5a;8670607977;bsc;USDT;0xc9884b4bbd7fcb7212ebd442ab7c13315710f51b;0.1;0.01;paid;;;false;2026-09-27 14:19:19.629524+00;2026-09-27 14:52:21.324+00;7206619137
fa610fe7-5b19-443a-a2ac-cb45b95f8989;7177076357;bsc;USDT;0xa5d09b1c0d98ad74b9af791b303a9ada1df26ae3;0.1;0.01;paid;;;false;2026-09-27 14:19:23.437886+00;2026-09-27 15:17:48.097+00;7206619137
85de6628-6911-40e9-9d8a-d6601ced153b;8715575721;bsc;USDT;0x23c3c35acca4460b97ea4949deb3a00c8517c464;0.1;0.01;paid;;;false;2026-09-27 14:21:11.691846+00;2026-09-27 15:18:30.383+00;7206619137
f1754874-306d-49b7-b225-313d51039f3d;5368892205;bsc;USDT;0xafcd7173c244a35c46a7de4f3ad9687d612448f5;0.1;0.01;paid;;;false;2026-09-27 14:20:57.456375+00;2026-09-27 15:18:54.253+00;7206619137
87f6ebaa-1529-46a6-ae27-cc94183bd52a;7538120158;bsc;USDT;0x463197Bc1100C4433656F8837513461e64E13e78;0.25;0.025;paid;;;false;2026-09-27 14:21:52.643685+00;2026-09-27 15:19:31.365+00;7206619137
6a2088a4-4bc1-463f-9bc1-74cc782e1a2e;7290788552;bsc;USDT;0xf7889d640d6Dbe8bB35BA82f29B3B989FB71b102;0.25;0.025;paid;;;false;2026-09-27 14:23:15.130131+00;2026-09-27 15:20:07.787+00;7206619137
a7e98051-5e98-4c38-887b-fd7caaebebfc;7144601808;bsc;USDT;0xa9a86817ba10c15eb86c7cc9fc4994547fa9c7ae;0.25;0.025;paid;;;false;2026-09-27 14:42:07.1406+00;2026-09-27 15:21:27.673+00;7206619137
58371c27-26d7-4570-86a1-e5c658765acb;7306005607;bsc;USDT;0xB16DD970a44b51Ed7CAD289024d6B7b01DAd1c9c;0.1;0.01;paid;;;false;2026-09-27 14:41:57.005114+00;2026-09-27 15:21:40.853+00;7206619137
47760f8b-e801-417a-abdf-e113dd888204;8579042386;bsc;USDT;0x58443a84d5F9eB73A6Fbcf7981f6a417274A07F4;0.25;0.025;paid;;;false;2026-09-27 14:23:22.47193+00;2026-09-27 15:24:39.704+00;7206619137
7e56efc7-8590-4397-a3bf-428b4f098b9c;7640195144;bsc;USDT;0xd49a53df00b10b2116a2f7e8dd9419c339c35096;0.25;0.025;paid;;;false;2026-09-27 14:24:25.58885+00;2026-09-27 15:24:45.772+00;7206619137
46c8e899-5170-434f-b3bc-5fbca2c9995b;8848967782;bsc;USDT;0x6388Fc225c00256b0463E41cE2c9c24e23560DD1;0.2;0.02;paid;;;false;2026-09-27 14:38:53.184941+00;2026-09-27 15:26:06.835+00;7206619137
ea39bac4-42d3-4c2a-aea2-849e933da93d;8561506724;bsc;USDT;0x713f4431c865f32fad8fd47ad52036e5a9a8275b;0.25;0.025;paid;;;false;2026-09-27 14:38:39.227517+00;2026-09-27 15:26:27.629+00;7206619137
50d0ba97-245c-4313-862a-f861a8ed2098;7360570017;bsc;USDT;0xa3c74b8777de14ad6d7c7f6fa12fce288b4107d4;0.1;0.01;paid;;;false;2026-09-27 14:38:18.348899+00;2026-09-27 15:26:56.343+00;7206619137
228e31c2-69af-40b1-bbe0-45181dca553b;1391724592;bsc;USDT;0x0b5b497cF59162266675fBca50B523bC468d63eb;0.25;0.025;paid;;;false;2026-09-27 14:35:48.881175+00;2026-09-27 15:27:27.479+00;7206619137
fee27045-cde4-4ebc-93c3-44d35f297613;1923149727;bsc;USDT;0x02dAA9509d26F03E389e55127E265dc485d977a7;0.25;0.025;paid;;;false;2026-09-27 14:33:32.993687+00;2026-09-27 15:28:04.183+00;7206619137
4a093c6a-3993-4d62-96da-e08285e34894;1724242845;bsc;USDT;0x30b38332c8003c191e552f30e218f178528382b6;0.1;0.01;paid;;;false;2026-09-27 14:33:10.440949+00;2026-09-27 15:28:22.633+00;7206619137
bd403809-f55e-4030-944d-cca98a06d255;7056166728;bsc;USDT;0xb829b6b362C1ee2013fC97061630A8D36d1Cf027;0.1;0.01;paid;;;false;2026-09-27 14:32:58.094024+00;2026-09-27 15:28:40.849+00;7206619137
652de2a4-8a4a-4d64-b183-d14bc3a3453e;6248481871;bsc;USDT;0xAB6C7b8c7e3A5349172608Da4f13d7bE4066F046;0.2;0.02;paid;;;false;2026-09-27 14:32:40.810483+00;2026-09-27 15:29:54.012+00;7206619137
09a033a0-b09d-461c-857a-2f22e68640aa;7044356980;bsc;USDT;0xD371Ce2Da6563315f31aB8E4D9B868366c2061B1;0.1;0.01;paid;;;false;2026-09-27 14:25:04.614118+00;2026-09-27 15:42:01.128+00;7206619137
f61947dc-d328-4593-969f-14866d7fb1ad;6367762579;bsc;USDT;0x3bd179508083792bf397ac1e75cb2ef22d295538;0.25;0.025;paid;;;false;2026-09-27 14:25:50.412947+00;2026-09-27 15:42:15.968+00;7206619137
77e810a7-7620-4a1f-946d-f6bf14c23ead;7676595679;bsc;USDT;0xcf849009454fb9a532086a9dd4d7c32195d01b8a;0.2;0.02;paid;;;false;2026-09-27 14:25:58.059794+00;2026-09-27 15:42:33.556+00;7206619137
2ea0f9af-f4a8-48f3-bcc9-ca323d809b45;7325818182;bsc;USDT;0x044195db6606757ff7ebdbc2f586d6a4d710d983;0.1;0.01;paid;;;false;2026-09-27 14:26:24.295134+00;2026-09-27 15:42:58.744+00;7206619137
79855fb3-db8f-4cc3-8dc9-6cd411cf845a;101612147;bsc;USDT;0xADB4c530F89626f157ba0A6f9b5a29274C183c81;0.1;0.01;paid;;;false;2026-09-27 14:26:54.456038+00;2026-09-27 15:43:14.306+00;7206619137
d9810c67-61c0-4e44-bb17-285defe02012;8905139640;bsc;USDT;0x2e8729d4951b2bb908a1fe35e58f2db3b1dc8f8b;0.2;0.02;paid;;;false;2026-09-27 14:27:13.164323+00;2026-09-27 15:43:38.791+00;7206619137
b00ef375-f540-46d1-8f58-56d27a2395e2;8436438196;bsc;USDT;0x8a491ee9579be50f5e45cfde663aafcc2956a638;0.16;0.016;paid;;;false;2026-09-27 14:30:09.488102+00;2026-09-27 15:44:19.374+00;7206619137
ebf848fa-d725-4193-8d2b-1870e3878c8c;5922905023;bsc;USDT;0x4A94665E85DCF601791B85db09059Bcc06f5865C;0.25;0.025;paid;;;false;2026-09-27 14:29:47.723948+00;2026-09-27 15:44:51.707+00;7206619137
f92b3567-c4a5-4899-98d6-d420214d1058;5826659809;bsc;USDT;0x9E7468081c994639e8e05476477fC584D62903A5;0.1;0.01;paid;;;false;2026-09-27 14:28:23.96072+00;2026-09-27 15:49:00.828+00;7206619137
114ed582-dd25-435c-8415-93ec2bee4e18;6275213213;bsc;USDT;0x4fed78d812a55af2db6f71f92c17ba415095dbef;0.1;0.01;paid;;;false;2026-09-27 14:28:21.758904+00;2026-09-27 15:49:07.989+00;7206619137
2e56ff51-592b-4bf2-863d-333fa7d55c72;6955951067;ton;USDT;UQAfVwpr52N6S3fEazELnsqLuDBP__FsCEVmetsC9PRKw-1M;0.1;0.01;paid;;;false;2026-09-27 14:21:55.965485+00;2026-09-27 16:00:21.219+00;7206619137
de0fb8ec-de76-41f1-981b-7d3e36f62429;6317252244;ton;USDT;UQBw2vkDTFdn5tLl1Pl-G1Oohwy_wnuu_1_UFeB2XnUJ4X2S;0.1;0.01;paid;;;false;2026-09-27 14:28:01.399599+00;2026-09-27 16:03:31.818+00;7206619137
336d0e7f-fb52-467d-8f99-edcab72bf55e;6475645296;ton;USDT;UQCO_mPBxwvKqyr-QOxVdoYm_tJfa6fBG9nJzs_ooc9zyHi7;0.25;0.025;pending;;;false;2026-09-27 16:06:26.736574+00;;
b213aa74-bf55-4241-bc03-182b7547b472;6475645296;ton;USDT;UQCO_mPBxwvKqyr-QOxVdoYm_tJfa6fBG9nJzs_ooc9zyHi7;0.25;0.025;pending;;;false;2026-09-27 16:06:33.049711+00;;
528822eb-e1f4-47e2-83b0-29bbbd97d197;7167930724;ton;USDT;UQC22bBJSMkX6DS94E_ebiBPrCzGPhsdERr4URQoKD7kxu_u;0.2;0.02;pending;;;false;2026-09-27 16:07:05.053937+00;;
b3a047d7-696d-43e2-8e8e-6f24c90238aa;6482646033;bsc;USDT;0x86267bda36b02221e708db529078e36a88ff24a3;0.1;0.01;pending;;;false;2026-09-27 16:08:35.152313+00;;
0c446d98-4923-4d07-878c-f0ab5a290084;5368892205;bsc;USDT;0xafcd7173c244a35c46a7de4f3ad9687d612448f5;0.1;0.01;pending;;;false;2026-09-27 16:10:20.524465+00;;
ab67cf7d-eca9-4c6a-a0c6-97a2101089c6;8301294674;bsc;USDT;0xD90DC1C827F65fDE2c88E044A38A53FdDb233865;0.1;0.01;pending;;;false;2026-09-27 16:10:30.458158+00;;
cbfe52f1-eee5-467e-a13a-bc5f2da5305e;5211801993;bsc;USDT;0x92e8cE976F0AC3685BA275cF5c4aa16349aa538a;0.25;0.025;pending;;;false;2026-09-27 16:10:33.275975+00;;
e52a95ba-1103-4230-8285-1587f8967363;7214193796;bsc;USDT;0x08063F23333866575aA0e2ADA580Aa05Dd22eBaf;0.25;0.025;pending;;;false;2026-09-27 16:10:33.376176+00;;
5139c616-191b-42b9-8529-a540b1f5bdb6;6856461858;bsc;USDT;0xBeAFa1eeaB68A095Ef2bC34B8C3EE082e6BECcfA;0.25;0.025;pending;;;false;2026-09-27 16:10:35.940089+00;;
faf7a151-dea3-4acb-8388-636cb2eeb388;6747084313;bsc;USDT;0xd10D09A09de5B9Ffc90eDa85014aC9c9d6d3306A;0.25;0.025;pending;;;false;2026-09-27 16:10:36.231189+00;;
34a8a523-640c-4188-b125-ce6996106121;6517428014;bsc;USDT;0x22fc20c3bcbe567be207fcd98c799cd22a3b41a4;0.1;0.01;pending;;;false;2026-09-27 16:10:45.593952+00;;
a9c14f69-7f2f-41d3-844b-fabcee811351;8985797123;bsc;USDT;0xefC517a3C42fB1EFF2b65ab947A922FE08EC3113;0.25;0.025;pending;;;false;2026-09-27 16:10:54.128889+00;;
cb6d770f-c9cd-4249-9b26-f67d319f53b8;7070614700;bsc;USDT;0xe3f265D0DE84CB424e7d6774F286449732D0D66D;0.15;0.015;pending;;;false;2026-09-27 16:11:03.999291+00;;
eaba3026-8579-4645-82f6-f1a9d8731634;6747306506;bsc;USDT;0xA7eD59b2C31f1B2d044Ec6fBAb451FB12b8f9257;0.1;0.01;pending;;;false;2026-09-27 16:11:09.501888+00;;
b395c5be-1bba-4ddc-a8af-096c6c423aee;8667955518;bsc;USDT;0x87Da893389f4342bDfCe276A4A5347466d5e6617;0.2;0.02;pending;;;false;2026-09-27 16:11:09.535677+00;;
233e3537-5ae0-42d7-84cf-cf5489a6d8a9;7681447524;ton;USDT;UQCP05d1AiqrJVKrUUumQcRJRVzFsXoJ8Tka1C8612kqLQ9Z;0.25;0.025;pending;;;false;2026-09-27 16:11:13.398001+00;;
1675dc02-dba5-48cd-82db-a335d341c359;7191905983;bsc;USDT;0x05ed216248dd7aba56823fae7aa0e97a66eb7dbf;0.2166;0.02166;pending;;;false;2026-09-27 16:11:14.553671+00;;
f77e4b7d-9030-44f2-a4b7-18f9a8dd0af9;7150028516;bsc;USDT;0x5ed9C0D67aE5BF06f593911b3e0b14ea93F81d5d;0.2362;0.023620000000000002;pending;;;false;2026-09-27 16:11:18.892922+00;;
04e6b313-dbdb-46a2-ab3a-551b58931fe9;5317716953;bsc;USDT;0x89bbe790E45743b3E595055C51D136ec924c7bb1;0.1;0.01;pending;;;false;2026-09-27 16:11:22.988819+00;;
0920eae4-5072-412d-b241-57094aa76075;8720739001;bsc;USDT;0xa1178641fE3eB7A4A41324BEF68b5848d32F2508;0.2;0.02;pending;;;false;2026-09-27 16:11:57.298929+00;;
18d4df4a-f48b-4eef-a467-966308cb9787;7737960763;bsc;USDT;0x168543c5dd362fed70f43796a1c35ca3171ffe51;0.25;0.025;pending;;;false;2026-09-27 16:11:58.002959+00;;
4de5c4a0-9bfa-45cb-a19f-ff1be6d9f405;6415125910;bsc;USDT;0xb804cbf19576ffafa055a5d15a21830182e1fee0;0.1;0.01;pending;;;false;2026-09-27 16:12:06.74539+00;;
34fc4028-8692-4dee-a2aa-bc8f1b599959;890932798;bsc;USDT;0x116b24caf5878815b4866cac8943d8f5820e2f59;0.1;0.01;pending;;;false;2026-09-27 16:12:33.57291+00;;
36a21a4e-ad81-445e-96ab-2ea73df0baba;469563335;ton;USDT;UQCcI43GPJfnqHAHx7hmiXT-WVkWftj97nrxrlFDa4bnxda5;0.2;0.02;pending;;;false;2026-09-27 16:11:17.196101+00;;
d9234005-d9f7-4f18-ad3e-91b785676266;7044356980;bsc;USDT;0xD371Ce2Da6563315f31aB8E4D9B868366c2061B1;0.15;0.015;pending;;;false;2026-09-27 16:11:33.08426+00;;
3e022ad4-1e4f-4e62-9111-63c84c67e9bc;7952962913;bsc;USDT;0xf512ad9dd7d354e2f12f3dac34763ac0bb7b4e1a;0.25;0.025;pending;;;false;2026-09-27 16:11:33.306978+00;;
c8c05822-9016-44af-b26d-83bf1cc094db;6789130627;bsc;USDT;0x5c962e1205595207eef1d0f97162fa6ae408760f;0.1;0.01;pending;;;false;2026-09-27 16:11:53.809842+00;;
a3895f21-3a1d-4d13-b092-ac2176dcb349;8229825936;bsc;USDT;0x18625E3d6d2d7Cd64bfC934b7398e341DF715DD4;0.25;0.025;pending;;;false;2026-09-27 16:12:03.198872+00;;
8dec872d-11a9-4861-a953-1e31b91f3f91;8954036308;ton;USDT;UQCnRX9PZUv8GAyv4kz4OZ3u8r0vA-CcUu-lzunVsTNIo7sw;0.25;0.025;pending;;;false;2026-09-27 16:12:13.738825+00;;
f29b62d7-22ea-42de-8aff-a6e7ec9c44c4;6635952181;bsc;USDT;0x676e50a6B578fC27888883ca13bD64833E1D9E7A;0.25;0.025;pending;;;false;2026-09-27 16:11:57.69989+00;;
7f6c5e51-6eeb-47a6-8f6d-d1cbfea5c459;5826659809;bsc;USDT;0x9E7468081c994639e8e05476477fC584D62903A5;0.1;0.01;pending;;;false;2026-09-27 16:12:38.164438+00;;
5aa25059-ab88-4ecf-81a3-66ba18209c60;5269762185;bsc;USDT;0x286f377f7e83c46cb309f055f5bdd944f178ba3e;0.25;0.025;pending;;;false;2026-09-27 16:12:44.816572+00;;
f95164ab-c594-4fe6-a3f5-e0cd65a4a9ab;7574367386;bsc;USDT;0x0d6b0501c845e10f218d2f1989fd0902a693841d;0.1;0.01;pending;;;false;2026-09-27 16:13:02.742924+00;;
2ffb6241-685c-45f5-be5b-c74983f42b72;6432254889;bsc;USDT;0x04ea1002fcb0fdaeabb303abdef696664a15ec58;0.25;0.025;pending;;;false;2026-09-27 16:13:03.658162+00;;
e74e1743-6111-4ff0-bf5e-3adea15cb06e;1581440561;bsc;USDT;0xD0f00F7B34600Bc4F65C982D135263065F4A3C85;0.1102;0.01102;pending;;;false;2026-09-27 16:13:13.346971+00;;
2fdd6f14-f729-4eb9-a653-4c2b09ab690e;6769110358;bsc;USDT;0x60cee1678c60d6ef74dfef114fc613fd7cef5736;0.1;0.01;pending;;;false;2026-09-27 16:13:16.787805+00;;
8929e18e-3808-4d0d-91f9-6aa0cbe3b8f4;5317716953;ton;USDT;UQA9PyYao2QStrkARJBFppGxRVXU91bHnRtu_T96RM41hLal;0.1;0.01;pending;;;false;2026-09-27 16:13:20.079577+00;;
79bcece5-4195-4848-9e08-e743e37553b6;5054324352;bsc;USDT;0x588e5110CCA05255165665b8d0A62F77f551f33e;0.1;0.01;paid;;;false;2026-09-27 16:07:07.538919+00;2026-09-27 16:19:52.311+00;7206619137